"appid","name","developer","publisher","initial_price_cents","positive","negative","owners_band","ccu_at_selection","stratum","selected_at"
242700,"Injustice: Gods Among Us Ultimate Edition","NetherRealm Studios, High Voltage Software","Warner Bros. Interactive Entertainment",1999,16534,2651,"1,000,000 .. 2,000,000",69,1,2026-09-27 20:51:54.936577
330020,"Children of Morta","Dead Mage","11 bit studios",2199,18625,2341,"1,000,000 .. 2,000,000",69,1,2026-09-27 20:51:54.936577
6000,"STAR WARS Republic Commando","LucasArts","LucasArts, Lucasfilm, Disney",999,15357,687,"1,000,000 .. 2,000,000",68,1,2026-09-27 20:51:54.936577
1543030,"Sword and Fairy 7","软星科技(SoftStarlight)","方块游戏(CubeGame), 软星科技(SoftStarlight)",2999,13296,5058,"500,000 .. 1,000,000",68,1,2026-09-27 20:51:54.936577
683320,"GRIS","Nomada Studio","Devolver Digital",1499,80404,3044,"2,000,000 .. 5,000,000",67,1,2026-09-27 20:51:54.936577
332570,"Amazing Frog?","Fayju","Fayju",1999,10189,648,"500,000 .. 1,000,000",65,1,2026-09-27 20:51:54.936577
1171690,"Wayfinder","Airship Syndicate","Airship Syndicate",2499,14412,10235,"500,000 .. 1,000,000",64,1,2026-09-27 20:51:54.936577
323470,"DRAGON BALL XENOVERSE","DIMPS","BANDAI NAMCO Entertainment",3999,18775,2127,"1,000,000 .. 2,000,000",63,1,2026-09-27 20:51:54.936577
760060,"Mutant Year Zero: Road to Eden","The Bearded Ladies","Funcom",3499,18032,1896,"500,000 .. 1,000,000",63,1,2026-09-27 20:51:54.936577
992300,"嗜血印 Bloody Spell","艺龙游戏","艺龙游戏",2499,31311,3806,"1,000,000 .. 2,000,000",62,1,2026-09-27 20:51:54.936577
493900,"Dungeons 3","Realmforge Studios","Kalypso Media",2999,17320,1062,"1,000,000 .. 2,000,000",62,1,2026-09-27 20:51:54.936577
15100,"Assassin's Creed: Director's Cut Edition","Ubisoft Montreal","Ubisoft",1999,17822,4075,"1,000,000 .. 2,000,000",61,1,2026-09-27 20:51:54.936577
249050,"Dungeon of the ENDLESS","AMPLITUDE Studios","AMPLITUDE Studios",1199,11749,1985,"1,000,000 .. 2,000,000",61,1,2026-09-27 20:51:54.936577
239350,"Spelunky","Mossmouth","Mossmouth",1499,15005,1288,"1,000,000 .. 2,000,000",60,1,2026-09-27 20:51:54.936577
1061090,"Jump King","Nexile","Nexile",1299,11081,1222,"500,000 .. 1,000,000",60,1,2026-09-27 20:51:54.936577
57300,"Amnesia: The Dark Descent","Frictional Games","Frictional Games",1999,32258,1850,"2,000,000 .. 5,000,000",60,1,2026-09-27 20:51:54.936577
775500,"SCARLET NEXUS","BANDAI NAMCO Studios Inc.","BANDAI NAMCO Entertainment",7999,13888,3237,"1,000,000 .. 2,000,000",58,1,2026-09-27 20:51:54.936577
397950,"Clustertruck","Landfall","tinyBuild",1499,16041,1113,"1,000,000 .. 2,000,000",56,1,2026-09-27 20:51:54.936577
894020,"Death's Door","Acid Nerve","Devolver Digital",1999,17444,1224,"500,000 .. 1,000,000",54,1,2026-09-27 20:51:54.936577
223830,"Xenonauts","Goldhawk Interactive","Goldhawk Interactive",2499,4265,624,"500,000 .. 1,000,000",53,1,2026-09-27 20:51:54.936577
481510,"Night in the Woods","Infinite Fall","Finji",1999,17649,1092,"1,000,000 .. 2,000,000",53,1,2026-09-27 20:51:54.936577
969990,"SpongeBob SquarePants: Battle for Bikini Bottom - Rehydrated","Purple Lamp","THQ Nordic",2999,15692,989,"1,000,000 .. 2,000,000",52,1,2026-09-27 20:51:54.936577
936790,"Life is Strange: True Colors","Deck Nine","Square Enix",5999,13836,1716,"500,000 .. 1,000,000",51,1,2026-09-27 20:51:54.936577
1388770,"Cruelty Squad","Consumer Softproducts","Consumer Softproducts",1999,20136,655,"1,000,000 .. 2,000,000",50,1,2026-09-27 20:51:54.936577
677120,"Heroes of Hammerwatch","Crackshell","Team17",1499,8061,1123,"500,000 .. 1,000,000",50,1,2026-09-27 20:51:54.936577
13520,"Far Cry","Crytek Studios","Ubisoft",999,8406,1853,"2,000,000 .. 5,000,000",50,1,2026-09-27 20:51:54.936577
7760,"X-COM: UFO Defense","MicroProse Software, Inc","2K",499,3602,197,"1,000,000 .. 2,000,000",49,1,2026-09-27 20:51:54.936577
40300,"Risen","Piranha Bytes, THQ Nordic","THQ Nordic",1499,8736,1104,"500,000 .. 1,000,000",49,1,2026-09-27 20:51:54.936577
585690,"Minimalism","PixelMouse","PixelMouse",99,1276,465,"2,000,000 .. 5,000,000",49,1,2026-09-27 20:51:54.936577
283640,"Salt and Sanctuary","Ska Studios","Ska Studios",1799,18485,2167,"1,000,000 .. 2,000,000",48,1,2026-09-27 20:51:54.936577
253900,"Knights and Merchants","Topware Interactive","Topware Interactive",999,3949,714,"1,000,000 .. 2,000,000",47,1,2026-09-27 20:51:54.936577
362960,"Tyranny","Obsidian Entertainment","Paradox Interactive",2999,11080,1658,"1,000,000 .. 2,000,000",47,1,2026-09-27 20:51:54.936577
41000,"Serious Sam HD: The First Encounter","Croteam","Devolver Digital",1499,7652,539,"1,000,000 .. 2,000,000",46,1,2026-09-27 20:51:54.936577
626690,"Sword Art Online: Fatal Bullet","Dimps Corporation","BANDAI NAMCO Entertainment",1999,15142,4011,"1,000,000 .. 2,000,000",45,1,2026-09-27 20:51:54.936577
614570,"Dishonored: Death of the Outsider","Arkane Studios","Bethesda Softworks",2999,10794,1509,"1,000,000 .. 2,000,000",45,1,2026-09-27 20:51:54.936577
304650,"SUNLESS SEA","Failbetter Games","Failbetter Games",1899,7715,1573,"1,000,000 .. 2,000,000",45,1,2026-09-27 20:51:54.936577
257850,"Hyper Light Drifter","Heart Machine","Heart Machine",1999,16617,1226,"1,000,000 .. 2,000,000",44,1,2026-09-27 20:51:54.936577
1178830,"Bright Memory: Infinite","FYQD-Studio","FYQD-Studio, PLAYISM",1999,35622,3089,"1,000,000 .. 2,000,000",44,1,2026-09-27 20:51:54.936577
1030210,"Torchlight III","Echtra Inc.","XD",3999,5225,6005,"500,000 .. 1,000,000",44,1,2026-09-27 20:51:54.936577
407530,"ARK: Survival Of The Fittest","Studio Wildcard, Instinct Games, Efecto Studios, Virtual Basement LLC","Studio Wildcard",1499,7766,3926,"2,000,000 .. 5,000,000",43,1,2026-09-27 20:51:54.936577
17410,"Mirror's Edge","DICE","Electronic Arts",1999,32983,4669,"2,000,000 .. 5,000,000",43,1,2026-09-27 20:51:54.936577
548570,"RAGE 2","id Software, Avalanche Studios","Bethesda Softworks",3999,10320,6086,"500,000 .. 1,000,000",42,1,2026-09-27 20:51:54.936577
1262600,"Need for Speed Rivals","Criterion Games","Electronic Arts",1999,6633,2218,"1,000,000 .. 2,000,000",42,1,2026-09-27 20:51:54.936577
1372280,"MELTY BLOOD: TYPE LUMINA","FRENCH-BREAD, TYPE-MOON, Lasengle Inc., TAMSOFT CORPORATION, GameLoop Inc.","Lasengle Inc.",4999,8484,1118,"500,000 .. 1,000,000",42,1,2026-09-27 20:51:54.936577
1771980,"The Operator","Bureau 81","Bureau 81, indienova",1399,5750,446,"500,000 .. 1,000,000",41,1,2026-09-27 20:51:54.936577
16450,"F.E.A.R. 2: Project Origin","Monolith","Warner Bros. Games, Warner Bros. Interactive Entertainment",1499,7280,1269,"500,000 .. 1,000,000",41,1,2026-09-27 20:51:54.936577
427190,"DEAD RISING","Capcom","Capcom",999,5942,799,"500,000 .. 1,000,000",40,1,2026-09-27 20:51:54.936577
9350,"Supreme Commander","Gas Powered Games","Square Enix",1299,2615,324,"1,000,000 .. 2,000,000",40,1,2026-09-27 20:51:54.936577
6030,"STAR WARS Jedi Knight II - Jedi Outcast","Raven Software","LucasArts, Lucasfilm, Disney",999,4281,413,"500,000 .. 1,000,000",40,1,2026-09-27 20:51:54.936577
1233570,"Mirror's Edge Catalyst","DICE","Electronic Arts",1999,12334,2963,"500,000 .. 1,000,000",39,1,2026-09-27 20:51:54.936577
954740,"Terminator: Resistance","Teyon","Reef Entertainment",3999,15132,1348,"500,000 .. 1,000,000",39,1,2026-09-27 20:51:54.936577
1056960,"Wolfenstein: Youngblood","MachineGames, Arkane Studios","Bethesda Softworks",1999,6360,8083,"2,000,000 .. 5,000,000",38,1,2026-09-27 20:51:54.936577
258970,"Gauntlet Slayer Edition","Arrowhead Game Studios","WB Games",1999,8079,1808,"1,000,000 .. 2,000,000",37,1,2026-09-27 20:51:54.936577
738520,"Breathedge","RedRuins Softworks","HypeTrain Digital, RedRuins Softworks",2499,12620,2700,"1,000,000 .. 2,000,000",37,1,2026-09-27 20:51:54.936577
519860,"DUSK","David Szymanski","New Blood Interactive",1999,22830,639,"1,000,000 .. 2,000,000",36,1,2026-09-27 20:51:54.936577
29900,"Dark Sector","Digital Extremes","Digital Extremes",999,2154,675,"500,000 .. 1,000,000",36,1,2026-09-27 20:51:54.936577
218680,"Scribblenauts Unlimited","5th Cell Media","Warner Bros. Interactive Entertainment",1999,11038,717,"1,000,000 .. 2,000,000",35,1,2026-09-27 20:51:54.936577
71340,"Sonic Generations Collection","Devil's Details","SEGA",5179,23609,1623,"500,000 .. 1,000,000",35,1,2026-09-27 20:51:54.936577
280790,"Creativerse","Playful Corp.","Playful Corp.",2499,24051,6924,"1,000,000 .. 2,000,000",35,1,2026-09-27 20:51:54.936577
332800,"Five Nights at Freddy's 2","Scott Cawthon","Scott Cawthon",799,21272,1425,"1,000,000 .. 2,000,000",35,1,2026-09-27 20:51:54.936577
554620,"Life is Strange: Before the Storm","Deck Nine, Feral Interactive (Mac), Feral Interactive (Linux)","Square Enix, Feral Interactive (Mac), Feral Interactive (Linux)",1699,34787,2506,"2,000,000 .. 5,000,000",35,1,2026-09-27 20:51:54.936577
330830,"Tales from the Borderlands","Telltale Games","2K",1999,17618,988,"500,000 .. 1,000,000",34,1,2026-09-27 20:51:54.936577
620590,"Ancestors Legacy","Destructive Creations","Destructive Creations",3499,6597,1776,"500,000 .. 1,000,000",34,1,2026-09-27 20:51:54.936577
321360,"Primal Carnage: Extinction","Circle Five Studios, Pub Games","Circle Five Publishing",1299,7689,1548,"500,000 .. 1,000,000",34,1,2026-09-27 20:51:54.936577
300550,"Shadowrun: Dragonfall - Director's Cut","Harebrained Schemes","Paradox Interactive",1499,5652,661,"500,000 .. 1,000,000",33,1,2026-09-27 20:51:54.936577
253960,"Jack Orlando: Director's Cut","Toontraxx Studios","Topware Interactive",699,445,202,"1,000,000 .. 2,000,000",33,1,2026-09-27 20:51:54.936577
1147550,"Not For Broadcast","NotGames","tinyBuild",2499,10897,687,"1,000,000 .. 2,000,000",33,1,2026-09-27 20:51:54.936577
219640,"Chivalry: Medieval Warfare","Torn Banner Studios","Torn Banner Studios",2499,54016,11428,"5,000,000 .. 10,000,000",32,1,2026-09-27 20:51:54.936577
40390,"Risen 2: Dark Waters","Piranha Bytes","THQ Nordic",999,5082,1275,"500,000 .. 1,000,000",32,1,2026-09-27 20:51:54.936577
209170,"Call of Duty: Ghosts","Infinity Ward","Activision",3999,15087,10789,"1,000,000 .. 2,000,000",32,1,2026-09-27 20:51:54.936577
546050,"Puyo PuyoTetris","Sonic Team, Bitbaboon","SEGA",1999,4654,865,"500,000 .. 1,000,000",32,1,2026-09-27 20:51:54.936577
686200,"Door Kickers: Action Squad","PixelShard, KillHouse Games","KillHouse Games",1399,9617,522,"1,000,000 .. 2,000,000",32,1,2026-09-27 20:51:54.936577
814540,"Changed","DragonSnow","DragonSnow",499,14935,2269,"500,000 .. 1,000,000",31,1,2026-09-27 20:51:54.936577
710920,"Darksiders Genesis","Airship Syndicate","THQ Nordic",2999,10185,2188,"1,000,000 .. 2,000,000",29,1,2026-09-27 20:51:54.936577
640590,"The LEGO NINJAGO Movie Video Game","Traveller's Tales, TT Games","Warner Bros. Interactive Entertainment",1999,6151,1028,"1,000,000 .. 2,000,000",28,1,2026-09-27 20:51:54.936577
434570,"Blood and Bacon","Big Corporation","Grunge Games LTD",99,32796,1633,"1,000,000 .. 2,000,000",28,1,2026-09-27 20:51:54.936577
368360,"60 Seconds!","Robot Gentleman","Robot Gentleman",899,9749,1768,"500,000 .. 1,000,000",27,1,2026-09-27 20:51:54.936577
280,"Half-Life: Source","Valve","Valve",999,11068,4988,"2,000,000 .. 5,000,000",27,1,2026-09-27 20:51:54.936577
223100,"Homefront: The Revolution","Dambuster Studios","Deep Silver",1999,9956,6497,"500,000 .. 1,000,000",26,1,2026-09-27 20:51:54.936577
238370,"Magicka 2","Pieces Interactive","Paradox Interactive",1499,11061,2330,"2,000,000 .. 5,000,000",26,1,2026-09-27 20:51:54.936577
214340,"Deponia","Daedalic Entertainment","Daedalic Entertainment",999,10509,1566,"1,000,000 .. 2,000,000",25,1,2026-09-27 20:51:54.936577
248820,"Risk of Rain (2013)","Hopoo Games","Gearbox Publishing, 2K",999,27648,1978,"500,000 .. 1,000,000",25,1,2026-09-27 20:51:54.936577
346940,"Shadowrun: Hong Kong - Extended Edition","Harebrained Schemes","Paradox Interactive",1999,4030,614,"500,000 .. 1,000,000",25,1,2026-09-27 20:51:54.936577
34870,"Sniper: Ghost Warrior 2","City Interactive","CI Games",999,13533,4383,"1,000,000 .. 2,000,000",25,1,2026-09-27 20:51:54.936577
47790,"Medal of Honor","Electronic Arts","Electronic Arts",1999,7621,2438,"1,000,000 .. 2,000,000",24,1,2026-09-27 20:51:54.936577
22600,"Worms Reloaded","Team17 Digital Ltd","Team17 Digital Ltd",1999,4236,631,"500,000 .. 1,000,000",24,1,2026-09-27 20:51:54.936577
57900,"Duke Nukem Forever","Gearbox Software","2K",1999,7586,3406,"1,000,000 .. 2,000,000",24,1,2026-09-27 20:51:54.936577
8850,"BioShock 2","2K Marin, 2K China, Digital Extremes, 2K Australia","2K",1999,12864,1555,"1,000,000 .. 2,000,000",23,1,2026-09-27 20:51:54.936577
1390350,"Webbed","Sbug Games","Sbug Games",999,13512,326,"500,000 .. 1,000,000",23,1,2026-09-27 20:51:54.936577
234670,"NARUTO SHIPPUDEN: Ultimate Ninja STORM 3 Full Burst HD","CyberConnect2 Co. Ltd.","BANDAI NAMCO Entertainment",1999,12500,1440,"500,000 .. 1,000,000",23,1,2026-09-27 20:51:54.936577
297130,"Titan Souls","Acid Nerve","Devolver Digital",1499,10347,2766,"500,000 .. 1,000,000",23,1,2026-09-27 20:51:54.936577
803330,"Destroy All Humans!","Black Forest Games, Pandemic Studios","THQ Nordic",2999,10010,827,"1,000,000 .. 2,000,000",22,1,2026-09-27 20:51:54.936577
731040,"The Invincible","Starward Industries","11 bit studios",2999,6306,821,"500,000 .. 1,000,000",22,1,2026-09-27 20:51:54.936577
557340,"My Friend Pedro","DeadToast Entertainment","Devolver Digital",1999,26344,1183,"1,000,000 .. 2,000,000",22,1,2026-09-27 20:51:54.936577
473690,"Absolver","Sloclap","Devolver Digital",2999,10497,4039,"500,000 .. 1,000,000",22,1,2026-09-27 20:51:54.936577
654880,"Dream Daddy: A Dad Dating Simulator","Game Grumps","Game Grumps",1499,5578,509,"1,000,000 .. 2,000,000",21,1,2026-09-27 20:51:54.936577
3700,"Sniper Elite","Rebellion","Rebellion",799,2906,890,"500,000 .. 1,000,000",21,1,2026-09-27 20:51:54.936577
202750,"Alan Wake's American Nightmare","Remedy Entertainment","Remedy Entertainment",899,6527,2433,"1,000,000 .. 2,000,000",21,1,2026-09-27 20:51:54.936577
6900,"Hitman: Codename 47","IO Interactive A/S","IO Interactive A/S",799,3044,1195,"500,000 .. 1,000,000",20,1,2026-09-27 20:51:54.936577
393420,"Hurtworld","Bankroll Studios","Bankroll Studios",2499,23689,7469,"500,000 .. 1,000,000",20,1,2026-09-27 20:51:54.936577
2593370,"The Hungry Lamb: Traveling in the Late Ming Dynasty","零创游戏(ZerocreationGame)","零创游戏(ZerocreationGame), 2P Games",999,50859,1921,"1,000,000 .. 2,000,000",181,2,2026-09-27 20:51:54.936577
1369630,"ENDER LILIES: Quietus of the Knights","Live Wire, Adglobe","Binary Haze Interactive",2499,37155,2378,"1,000,000 .. 2,000,000",181,2,2026-09-27 20:51:54.936577
865360,"We Were Here Together","Total Mayhem Games","Total Mayhem Games",1299,13321,2608,"500,000 .. 1,000,000",178,2,2026-09-27 20:51:54.936577
339800,"HuniePop","HuniePot","HuniePot",999,26390,1002,"1,000,000 .. 2,000,000",178,2,2026-09-27 20:51:54.936577
39500,"Gothic 3","Piranha Bytes","THQ Nordic",1999,9244,2120,"1,000,000 .. 2,000,000",173,2,2026-09-27 20:51:54.936577
413410,"Danganronpa: Trigger Happy Havoc","Spike Chunsoft Co., Ltd., Abstraction Games","Spike Chunsoft Co., Ltd.",1999,29230,1201,"1,000,000 .. 2,000,000",173,2,2026-09-27 20:51:54.936577
289130,"ENDLESS Legend","AMPLITUDE Studios","AMPLITUDE Studios",2999,15589,3042,"2,000,000 .. 5,000,000",173,2,2026-09-27 20:51:54.936577
1451940,"NEEDY STREAMER OVERLOAD","WSS playground, xemono","WSS playground, Alliance Arts",1599,44718,2487,"1,000,000 .. 2,000,000",170,2,2026-09-27 20:51:54.936577
1178490,"港詭實錄ParanormalHK","Ghostpie Studio","Ghostpie Studio, Gamera Games",1299,17056,1889,"500,000 .. 1,000,000",170,2,2026-09-27 20:51:54.936577
310950,"Street Fighter V","CAPCOM Co., Ltd.","CAPCOM Co., Ltd.",1999,29529,14122,"2,000,000 .. 5,000,000",170,2,2026-09-27 20:51:54.936577
48190,"Assassin’s Creed Brotherhood","Ubisoft Montreal","Ubisoft",1999,20484,2652,"1,000,000 .. 2,000,000",169,2,2026-09-27 20:51:54.936577
653530,"Return of the Obra Dinn","Lucas Pope","3909",1999,28093,923,"500,000 .. 1,000,000",166,2,2026-09-27 20:51:54.936577
451340,"Gold Mining Simulator","Code Horizon","Code Horizon, PlayWay S.A.",1999,10873,4198,"500,000 .. 1,000,000",166,2,2026-09-27 20:51:54.936577
108710,"Alan Wake","Remedy Entertainment","Remedy Entertainment",1499,44449,4714,"2,000,000 .. 5,000,000",165,2,2026-09-27 20:51:54.936577
593600,"PixARK","Snail Games USA","Snail Games USA",1999,9112,3400,"500,000 .. 1,000,000",165,2,2026-09-27 20:51:54.936577
2630,"Call of Duty 2","Infinity Ward","Activision",1999,9804,670,"5,000,000 .. 10,000,000",162,2,2026-09-27 20:51:54.936577
282800,"100% Orange Juice","Orange_Juice, Fruitbat Factory","Fruitbat Factory",699,25886,2350,"1,000,000 .. 2,000,000",158,2,2026-09-27 20:51:54.936577
412830,"STEINS;GATE","MAGES. Inc.","Spike Chunsoft Co., Ltd.",2999,20531,547,"500,000 .. 1,000,000",157,2,2026-09-27 20:51:54.936577
222880,"Insurgency","New World Interactive","New World Interactive",1499,114570,10301,"2,000,000 .. 5,000,000",154,2,2026-09-27 20:51:54.936577
1007040,"EARTH DEFENSE FORCE 5","SANDLOT","D3PUBLISHER",5999,10166,597,"1,000,000 .. 2,000,000",153,2,2026-09-27 20:51:54.936577
903950,"Last Oasis","Donkey Crew","Donkey Crew, Snail Games USA",2999,14952,9133,"1,000,000 .. 2,000,000",153,2,2026-09-27 20:51:54.936577
110800,"L.A. Noire","Team Bondi, Rockstar Leeds","Rockstar Games",1999,29214,4812,"2,000,000 .. 5,000,000",150,2,2026-09-27 20:51:54.936577
578650,"The Outer Worlds","Obsidian Entertainment","Private Division, Xbox Game Studios",2999,21727,4325,"1,000,000 .. 2,000,000",150,2,2026-09-27 20:51:54.936577
1105510,"Yakuza 5 Remastered","RGG Studio","SEGA",1999,5658,673,"500,000 .. 1,000,000",149,2,2026-09-27 20:51:54.936577
1843760,"Rogue Tower","Die of Death Games","Die of Death Games",1499,4637,996,"500,000 .. 1,000,000",147,2,2026-09-27 20:51:54.936577
1966900,"20 Minutes Till Dawn","flanne","flanne",499,25358,2361,"1,000,000 .. 2,000,000",146,2,2026-09-27 20:51:54.936577
736220,"Squad 44","Offworld","Offworld",1999,18508,6156,"1,000,000 .. 2,000,000",143,2,2026-09-27 20:51:54.936577
41700,"S.T.A.L.K.E.R.: Call of Pripyat","GSC Game World","GSC Game World",1999,29579,1378,"1,000,000 .. 2,000,000",142,2,2026-09-27 20:51:54.936577
217200,"Worms Armageddon","Team17 Digital Ltd","Team17 Digital Ltd",1499,9524,583,"1,000,000 .. 2,000,000",136,2,2026-09-27 20:51:54.936577
1262560,"Need for Speed Most Wanted","Criterion Games","Electronic Arts",1999,17586,5164,"1,000,000 .. 2,000,000",133,2,2026-09-27 20:51:54.936577
393080,"Call of Duty: Modern Warfare Remastered (2017)","Raven Software, Beenox","Activision",3999,7542,6853,"500,000 .. 1,000,000",133,2,2026-09-27 20:51:54.936577
621060,"PC Building Simulator","Claudiu Kiss, The Irregular Corporation","The Irregular Corporation",1999,48356,3299,"1,000,000 .. 2,000,000",132,2,2026-09-27 20:51:54.936577
606150,"Moonlighter","Digital Sun","11 bit studios",1999,16395,3518,"2,000,000 .. 5,000,000",127,2,2026-09-27 20:51:54.936577
40700,"Machinarium","Amanita Design","Amanita Design",1999,16384,860,"1,000,000 .. 2,000,000",125,2,2026-09-27 20:51:54.936577
1509960,"PICO PARK","TECOPARK","TECOPARK",499,25879,2620,"1,000,000 .. 2,000,000",124,2,2026-09-27 20:51:54.936577
867210,"Songs of Conquest","Lavapotion","Coffee Stain Publishing",2999,10044,1632,"1,000,000 .. 2,000,000",121,2,2026-09-27 20:51:54.936577
414700,"Outlast 2","Red Barrels","Red Barrels",1999,50676,4824,"1,000,000 .. 2,000,000",119,2,2026-09-27 20:51:54.936577
287980,"Mini Metro","Dinosaur Polo Club","Dinosaur Polo Club",999,15064,608,"500,000 .. 1,000,000",119,2,2026-09-27 20:51:54.936577
208200,"DOOM 3","id Software","Bethesda Softworks",999,9834,1535,"1,000,000 .. 2,000,000",118,2,2026-09-27 20:51:54.936577
794600,"LET IT DIE","SUPERTRICK GAMES, Inc., GRASSHOPPER MANUFACTURE INC.","GungHo Online Entertainment America, Inc.",1999,4404,1487,"1,000,000 .. 2,000,000",117,2,2026-09-27 20:51:54.936577
302670,"Call to Arms","Digitalmindsoft","Digitalmindsoft",1499,18474,4759,"1,000,000 .. 2,000,000",117,2,2026-09-27 20:51:54.936577
206420,"Saints Row IV: Re-Elected","Deep Silver Volition","Deep Silver",1999,67768,9376,"5,000,000 .. 10,000,000",117,2,2026-09-27 20:51:54.936577
610370,"Desperados III","Mimimi Games","THQ Nordic",3999,14055,485,"500,000 .. 1,000,000",116,2,2026-09-27 20:51:54.936577
578330,"LEGO City Undercover","Traveller's Tales","TT Games",1999,8783,889,"500,000 .. 1,000,000",115,2,2026-09-27 20:51:54.936577
1041720,"Kingdoms of Amalur: Re-Reckoning","KAIKO, Big Huge Games, 38 Studios","THQ Nordic",3999,5468,1670,"1,000,000 .. 2,000,000",114,2,2026-09-27 20:51:54.936577
247080,"Crypt of the NecroDancer","Brace Yourself Games","Brace Yourself Games, Klei Entertainment",1499,24053,1063,"1,000,000 .. 2,000,000",114,2,2026-09-27 20:51:54.936577
312530,"Duck Game","Landon Podbielski","CORPTRON GAMES CORP.",1299,37172,1304,"2,000,000 .. 5,000,000",112,2,2026-09-27 20:51:54.936577
245170,"Skullgirls 2nd Encore","Hidden Variable Studios","Autumn Games",2499,29623,11230,"2,000,000 .. 5,000,000",112,2,2026-09-27 20:51:54.936577
48220,"Might & Magic: Heroes VI","Blackhole","Ubisoft",999,4234,4656,"500,000 .. 1,000,000",111,2,2026-09-27 20:51:54.936577
239160,"Thief","Eidos-Montréal, Feral Interactive (Mac)","Eidos Interactive Corp., Feral Interactive (Mac)",1999,17337,5926,"1,000,000 .. 2,000,000",110,2,2026-09-27 20:51:54.936577
1065310,"Evil West","Flying Wild Hog","Focus Entertainment",4999,7625,2616,"1,000,000 .. 2,000,000",109,2,2026-09-27 20:51:54.936577
1262350,"SIGNALIS","rose-engine","Balor Games",1999,25320,837,"1,000,000 .. 2,000,000",108,2,2026-09-27 20:51:54.936577
20510,"S.T.A.L.K.E.R.: Clear Sky","GSC Game World","GSC World Publishing",1999,18987,3267,"1,000,000 .. 2,000,000",107,2,2026-09-27 20:51:54.936577
220440,"DmC: Devil May Cry","Ninja Theory","Capcom",2999,27949,2035,"1,000,000 .. 2,000,000",107,2,2026-09-27 20:51:54.936577
644560,"Mirror","KAGAMI WORKS","Paradise Project",199,80419,2554,"2,000,000 .. 5,000,000",106,2,2026-09-27 20:51:54.936577
813630,"Supraland","Supra Games","Supra Games",1999,12526,628,"500,000 .. 1,000,000",103,2,2026-09-27 20:51:54.936577
386070,"Planetary Annihilation: TITANS","Planetary Annihilation Inc","Planetary Annihilation Inc",2999,11976,2149,"500,000 .. 1,000,000",102,2,2026-09-27 20:51:54.936577
1003590,"Tetris Effect: Connected","Monstars Inc., Resonair, Stage Games","Enhance",3999,7528,404,"500,000 .. 1,000,000",99,2,2026-09-27 20:51:54.936577
405310,"LEGO MARVEL's Avengers","Traveller's Tales, TT Games, Feral Interactive (Mac)","Warner Bros. Interactive Entertainment, Feral Interactive (Mac)",1999,6950,940,"500,000 .. 1,000,000",97,2,2026-09-27 20:51:54.936577
1475810,"Ghostwire: Tokyo","Tango Gameworks","Bethesda Softworks",5999,15393,3269,"1,000,000 .. 2,000,000",97,2,2026-09-27 20:51:54.936577
329430,"State of Decay: YOSE","Undead Labs","Xbox Game Studios",1999,10111,2212,"1,000,000 .. 2,000,000",96,2,2026-09-27 20:51:54.936577
285330,"RollerCoaster Tycoon 2: Triple Thrill Pack","Chris Sawyer Productions","Atari",999,4864,581,"500,000 .. 1,000,000",96,2,2026-09-27 20:51:54.936577
4920,"Natural Selection 2","Unknown Worlds Entertainment","Unknown Worlds Entertainment, KRAFTON, Inc.",499,11207,1932,"1,000,000 .. 2,000,000",95,2,2026-09-27 20:51:54.936577
9480,"Saints Row 2","Volition","Deep Silver",999,15420,5046,"2,000,000 .. 5,000,000",95,2,2026-09-27 20:51:54.936577
378540,"The Surge","Deck13","Focus Entertainment",1499,8236,2715,"1,000,000 .. 2,000,000",92,2,2026-09-27 20:51:54.936577
1094520,"Sands of Salzaar","汉家松鼠Han-Squirrel Studio","XD",1499,18556,4085,"1,000,000 .. 2,000,000",90,2,2026-09-27 20:51:54.936577
38400,"Fallout: A Post Nuclear Role Playing Game","Interplay Inc.","Bethesda Softworks",999,20902,1296,"2,000,000 .. 5,000,000",89,2,2026-09-27 20:51:54.936577
973580,"Sniper Ghost Warrior Contracts","CI Games","CI Games",2999,8888,3308,"500,000 .. 1,000,000",89,2,2026-09-27 20:51:54.936577
991780,"Notes of Soul","（Hong Kong）GKD Game Studio","（Hong Kong）GKD Game Studio",2999,16065,4715,"500,000 .. 1,000,000",88,2,2026-09-27 20:51:54.936577
57690,"Tropico 4","Haemimont Games","Kalypso Media Digital",1499,11400,1027,"1,000,000 .. 2,000,000",87,2,2026-09-27 20:51:54.936577
1817230,"Hi-Fi RUSH","Tango Gameworks","KRAFTON, Inc.",2999,32441,898,"500,000 .. 1,000,000",87,2,2026-09-27 20:51:54.936577
206440,"To the Moon","Freebird Games","Freebird Games, Serenity Forge",999,77246,3015,"2,000,000 .. 5,000,000",86,2,2026-09-27 20:51:54.936577
274520,"Darkwood","Acid Wizard Studio","Hooded Horse, Acid Wizard Studio",1999,20529,1089,"1,000,000 .. 2,000,000",86,2,2026-09-27 20:51:54.936577
2990,"FlatOut 2","Bugbear Entertainment, ZOOM Platform Media, Jordan Freeman Group","Strategy First",999,17923,737,"500,000 .. 1,000,000",85,2,2026-09-27 20:51:54.936577
313160,"Farming Simulator 15","GIANTS Software","GIANTS Software",1299,14243,1193,"1,000,000 .. 2,000,000",84,2,2026-09-27 20:51:54.936577
362490,"Exanima","Bare Mettle Entertainment","Bare Mettle Entertainment",1499,10132,2214,"500,000 .. 1,000,000",84,2,2026-09-27 20:51:54.936577
302510,"Ryse: Son of Rome","Crytek","Crytek ",999,35415,5411,"2,000,000 .. 5,000,000",83,2,2026-09-27 20:51:54.936577
100,"Counter-Strike: Condition Zero","Valve","Valve",999,13442,1535,"10,000,000 .. 20,000,000",83,2,2026-09-27 20:51:54.936577
339340,"Resident Evil 0","CAPCOM Co., Ltd.","CAPCOM Co., Ltd.",1999,11048,2522,"1,000,000 .. 2,000,000",83,2,2026-09-27 20:51:54.936577
2310,"Quake","id Software, Nightdive Studios, MachineGames","Bethesda Softworks",999,13926,474,"1,000,000 .. 2,000,000",82,2,2026-09-27 20:51:54.936577
48000,"LIMBO","Playdead","Playdead",1249,53043,4241,"2,000,000 .. 5,000,000",82,2,2026-09-27 20:51:54.936577
383870,"Firewatch","Campo Santo","Panic, Campo Santo",1999,81777,8661,"2,000,000 .. 5,000,000",81,2,2026-09-27 20:51:54.936577
397340,"SimplePlanes","Jundroo, LLC","Jundroo, LLC",1299,9763,707,"500,000 .. 1,000,000",81,2,2026-09-27 20:51:54.936577
362680,"Fran Bow","Killmonday Games AB","Killmonday Games AB",1499,18502,514,"1,000,000 .. 2,000,000",80,2,2026-09-27 20:51:54.936577
2320,"Quake II","id Software, Nightdive Studios, MachineGames","Bethesda Softworks",999,8821,407,"1,000,000 .. 2,000,000",80,2,2026-09-27 20:51:54.936577
1222730,"STAR WARS: Squadrons","MOTIVE","Electronic Arts",3999,17756,9298,"1,000,000 .. 2,000,000",79,2,2026-09-27 20:51:54.936577
388410,"Darksiders II Deathinitive Edition","Gunfire Games, Vigil Games, THQ Nordic","THQ Nordic",2999,14223,3887,"2,000,000 .. 5,000,000",78,2,2026-09-27 20:51:54.936577
368340,"CrossCode","Radical Fish Games","Deck13, WhisperGames, DANGEN Entertainment, Mayflower Entertainment",1999,15699,1167,"500,000 .. 1,000,000",77,2,2026-09-27 20:51:54.936577
967050,"Pacify","Shawn Hitchcock","Hitchcock Games",499,36071,5620,"2,000,000 .. 5,000,000",77,2,2026-09-27 20:51:54.936577
1016800,"Chernobylite Complete Edition","The Farm 51","The Farm 51",2999,11784,2556,"500,000 .. 1,000,000",76,2,2026-09-27 20:51:54.936577
690640,"Trine 4: The Nightmare Prince","Frozenbyte","Frozenbyte",2999,11924,1455,"1,000,000 .. 2,000,000",76,2,2026-09-27 20:51:54.936577
4570,"Warhammer 40,000: Dawn of War - Anniversary Edition (Classic)","Relic Entertainment","Relic Entertainment",1499,10634,572,"1,000,000 .. 2,000,000",76,2,2026-09-27 20:51:54.936577
420530,"OneShot","Future Cat LLC","KOMODO",999,52785,919,"1,000,000 .. 2,000,000",76,2,2026-09-27 20:51:54.936577
374040,"Portal Knights","Keen Games GmbH","505 Games",1999,18093,3593,"1,000,000 .. 2,000,000",76,2,2026-09-27 20:51:54.936577
476620,"Call of Duty: WWII","Sledgehammer Games, Raven Software","Activision",5999,11394,8523,"500,000 .. 1,000,000",75,2,2026-09-27 20:51:54.936577
429660,"Tales of Berseria","BANDAI NAMCO Studios Inc.","BANDAI NAMCO Entertainment",4999,16835,1573,"1,000,000 .. 2,000,000",74,2,2026-09-27 20:51:54.936577
50,"Half-Life: Opposing Force","Gearbox Software","Valve",499,24363,1198,"2,000,000 .. 5,000,000",74,2,2026-09-27 20:51:54.936577
847370,"Sunset Overdrive","Insomniac Games, Blind Squirrel Games","Xbox Game Studios",1999,11638,1261,"500,000 .. 1,000,000",73,2,2026-09-27 20:51:54.936577
375480,"Chronicon","Subworld","Subworld",1399,8798,517,"1,000,000 .. 2,000,000",73,2,2026-09-27 20:51:54.936577
987840,"Expeditions: Rome","Logic Artists","THQ Nordic",4499,5150,683,"500,000 .. 1,000,000",72,2,2026-09-27 20:51:54.936577
204360,"Castle Crashers","The Behemoth","The Behemoth",1499,120733,4865,"5,000,000 .. 10,000,000",443,3,2026-09-27 20:51:54.936577
261640,"Borderlands: The Pre-Sequel","2K Australia, Gearbox Software, Aspyr (Linux)","2K, Aspyr (Linux)",3999,33577,8802,"2,000,000 .. 5,000,000",437,3,2026-09-27 20:51:54.936577
368260,"Marvel's Midnight Suns","Firaxis Games","2K",5999,17871,4003,"2,000,000 .. 5,000,000",436,3,2026-09-27 20:51:54.936577
251060,"Wargame: Red Dragon","Eugen Systems","Eugen Systems",2999,17036,2147,"1,000,000 .. 2,000,000",434,3,2026-09-27 20:51:54.936577
694280,"Zombie Army 4: Dead War","Rebellion","Rebellion",4999,7974,1299,"500,000 .. 1,000,000",431,3,2026-09-27 20:51:54.936577
617290,"Remnant: From the Ashes","Gunfire Games","Arc Games, THQ Nordic",3999,44761,8081,"2,000,000 .. 5,000,000",429,3,2026-09-27 20:51:54.936577
527230,"For The King","IronOak Games","Curve Games",1999,36581,4906,"2,000,000 .. 5,000,000",428,3,2026-09-27 20:51:54.936577
32370,"STAR WARS Knights of the Old Republic","BioWare, Aspyr (Mac)","LucasArts, Aspyr (Mac), Disney, Lucasfilm",999,28928,2810,"2,000,000 .. 5,000,000",424,3,2026-09-27 20:51:54.936577
620980,"Beat Saber","Beat Games","Beat Games",1999,71341,3271,"2,000,000 .. 5,000,000",423,3,2026-09-27 20:51:54.936577
2406770,"Bodycam","Reissad Studio","Reissad Studio",3332,25297,8507,"500,000 .. 1,000,000",422,3,2026-09-27 20:51:54.936577
383150,"Dead Island Definitive Edition","Techland","Deep Silver",1999,20934,4593,"1,000,000 .. 2,000,000",410,3,2026-09-27 20:51:54.936577
1637320,"Dome Keeper","Bippinbits","Raw Fury",1799,14952,1260,"2,000,000 .. 5,000,000",402,3,2026-09-27 20:51:54.936577
10180,"Call of Duty: Modern Warfare 2 (2009)","Infinity Ward","Activision",1999,54145,3973,"5,000,000 .. 10,000,000",399,3,2026-09-27 20:51:54.936577
2138710,"Sifu","Sloclap","Sloclap, Kepler Interactive",3999,19536,1593,"500,000 .. 1,000,000",394,3,2026-09-27 20:51:54.936577
47810,"Dragon Age: Origins - Ultimate Edition","BioWare","Electronic Arts",2999,24599,3813,"1,000,000 .. 2,000,000",394,3,2026-09-27 20:51:54.936577
39140,"FINAL FANTASY VII","Square Enix","Square Enix",1199,25998,2013,"1,000,000 .. 2,000,000",386,3,2026-09-27 20:51:54.936577
2849080,"Kingdom Rush 5: Alliance TD","Ironhide Game Studio","Ironhide Game Studio",1999,7763,1092,"500,000 .. 1,000,000",386,3,2026-09-27 20:51:54.936577
349040,"NARUTO SHIPPUDEN: Ultimate Ninja STORM 4","CyberConnect2 Co. Ltd.","BANDAI NAMCO Entertainment",1999,80515,7987,"2,000,000 .. 5,000,000",384,3,2026-09-27 20:51:54.936577
410900,"Forts","EarthWork Games","EarthWork Games",1499,20535,1786,"1,000,000 .. 2,000,000",379,3,2026-09-27 20:51:54.936577
1817190,"Marvel’s Spider-Man: Miles Morales","Insomniac Games, Nixxes Software","PlayStation Publishing LLC",4999,40722,2959,"1,000,000 .. 2,000,000",377,3,2026-09-27 20:51:54.936577
285900,"Gang Beasts","Boneloaf, Rocket Science","Boneloaf",1999,51267,9003,"2,000,000 .. 5,000,000",376,3,2026-09-27 20:51:54.936577
1106840,"Hydroneer","Foulball Hangover","Foulball Hangover",1499,21755,3368,"1,000,000 .. 2,000,000",374,3,2026-09-27 20:51:54.936577
289650,"Assassin's Creed Unity","Ubisoft","Ubisoft",2999,58065,16229,"2,000,000 .. 5,000,000",373,3,2026-09-27 20:51:54.936577
1611910,"Warhammer 40,000: Chaos Gate - Daemonhunters","Complex Games","Frontier Foundry",4499,10162,2945,"2,000,000 .. 5,000,000",373,3,2026-09-27 20:51:54.936577
269210,"Hero Siege","Panic Art Studios Ltd","Panic Art Studios Ltd",799,29813,13699,"1,000,000 .. 2,000,000",369,3,2026-09-27 20:51:54.936577
1455840,"Dorfromantik","Toukana Interactive","Toukana Interactive",1399,26639,958,"1,000,000 .. 2,000,000",365,3,2026-09-27 20:51:54.936577
952060,"Resident Evil 3","CAPCOM Co., Ltd.","CAPCOM Co., Ltd.",3999,74536,16699,"2,000,000 .. 5,000,000",362,3,2026-09-27 20:51:54.936577
230290,"Universe Sandbox","Giant Army","Giant Army",2999,26456,992,"1,000,000 .. 2,000,000",357,3,2026-09-27 20:51:54.936577
571740,"Golf It!","Perfuse Entertainment","Perfuse Entertainment",899,26261,2748,"1,000,000 .. 2,000,000",352,3,2026-09-27 20:51:54.936577
2280,"DOOM + DOOM II","id Software, Night Dive Studios, Romero Games Ltd, MachineGames","Bethesda Softworks",999,24105,879,"1,000,000 .. 2,000,000",345,3,2026-09-27 20:51:54.936577
292730,"Call of Duty: Infinite Warfare","Infinity Ward","Activision",5999,16982,11396,"1,000,000 .. 2,000,000",326,3,2026-09-27 20:51:54.936577
858810,"Dawn of Man","Madruga Works","Madruga Works",2499,14845,2252,"1,000,000 .. 2,000,000",323,3,2026-09-27 20:51:54.936577
569480,"Kingdoms and Castles","Lion Shield, LLC","Lion Shield, LLC",1999,27743,1972,"1,000,000 .. 2,000,000",317,3,2026-09-27 20:51:54.936577
403640,"Dishonored 2","Arkane Studios","Bethesda Softworks",2999,56155,6627,"2,000,000 .. 5,000,000",308,3,2026-09-27 20:51:54.936577
493520,"GTFO","10 Chambers","10 Chambers",3999,52357,9740,"2,000,000 .. 5,000,000",307,3,2026-09-27 20:51:54.936577
248390,"Craft The World","Dekovir Entertainment, Sibear Games","Dekovir Ltd",1899,14118,1834,"500,000 .. 1,000,000",303,3,2026-09-27 20:51:54.936577
249130,"LEGO Marvel Super Heroes","Traveller's Tales","Warner Bros. Interactive Entertainment",1999,24959,1218,"1,000,000 .. 2,000,000",298,3,2026-09-27 20:51:54.936577
595520,"FINAL FANTASY XII THE ZODIAC AGE","Square Enix","Square Enix",4999,7748,860,"1,000,000 .. 2,000,000",298,3,2026-09-27 20:51:54.936577
424030,"War of Rights","Campfire Games","Campfire Games",2999,11619,1526,"500,000 .. 1,000,000",298,3,2026-09-27 20:51:54.936577
476600,"Call of Duty: WWII","Sledgehammer Games, Raven Software","Activision",5999,30055,13278,"2,000,000 .. 5,000,000",298,3,2026-09-27 20:51:54.936577
364360,"Total War: WARHAMMER","CREATIVE ASSEMBLY, Feral Interactive (Linux), Feral Interactive (Mac)","SEGA, Feral Interactive (Linux), Feral Interactive (Mac)",5999,40889,11533,"1,000,000 .. 2,000,000",297,3,2026-09-27 20:51:54.936577
282440,"Quake Live","id Software","Bethesda Softworks",999,13303,2074,"2,000,000 .. 5,000,000",297,3,2026-09-27 20:51:54.936577
1483870,"Draw & Guess","Acureus","Acureus",499,28294,5381,"1,000,000 .. 2,000,000",296,3,2026-09-27 20:51:54.936577
1859910,"Legend of Mortal","Obb Studio Inc.","Paras Games, Obb Studio Inc.",1999,22624,9407,"500,000 .. 1,000,000",296,3,2026-09-27 20:51:54.936577
205100,"Dishonored","Arkane Studios","Bethesda Softworks",999,80427,1943,"2,000,000 .. 5,000,000",288,3,2026-09-27 20:51:54.936577
292120,"FINAL FANTASY XIII","Square Enix","Square Enix",1599,13454,4476,"500,000 .. 1,000,000",286,3,2026-09-27 20:51:54.936577
1238000,"Mass Effect: Andromeda Deluxe Edition","BioWare","Electronic Arts",3999,12344,4232,"1,000,000 .. 2,000,000",285,3,2026-09-27 20:51:54.936577
65800,"Dungeon Defenders","Chromatic Games","Chromatic Games",1499,16818,1242,"2,000,000 .. 5,000,000",284,3,2026-09-27 20:51:54.936577
1268750,"Starship Troopers: Extermination","Offworld","Offworld",2999,25027,5995,"1,000,000 .. 2,000,000",283,3,2026-09-27 20:51:54.936577
274190,"Broforce","Free Lives","Devolver Digital",1499,57080,1800,"2,000,000 .. 5,000,000",283,3,2026-09-27 20:51:54.936577
1549970,"Aliens: Fireteam Elite","Cold Iron Studios","Cold Iron Studios, Focus Entertainment",2999,19732,4999,"1,000,000 .. 2,000,000",281,3,2026-09-27 20:51:54.936577
80,"Counter-Strike: Condition Zero","Valve","Valve",999,24271,2287,"5,000,000 .. 10,000,000",276,3,2026-09-27 20:51:54.936577
763890,"Wildermyth","Worldwalker Games LLC","Worldwalker Games LLC, WhisperGames",2499,16587,904,"1,000,000 .. 2,000,000",270,3,2026-09-27 20:51:54.936577
736260,"Baba Is You","Hempuli Oy","Hempuli Oy",1499,21441,480,"1,000,000 .. 2,000,000",269,3,2026-09-27 20:51:54.936577
1929610,"Demonologist","Clock Wizard Games","Clock Wizard Games",1999,18742,3006,"1,000,000 .. 2,000,000",266,3,2026-09-27 20:51:54.936577
674940,"Stick Fight: The Game","Landfall West","Landfall",499,114720,7938,"2,000,000 .. 5,000,000",265,3,2026-09-27 20:51:54.936577
480490,"Prey","Arkane Studios","Bethesda Softworks",2999,46381,4652,"1,000,000 .. 2,000,000",263,3,2026-09-27 20:51:54.936577
1222700,"A Way Out","Hazelight Studios","Electronic Arts",2999,72313,10149,"2,000,000 .. 5,000,000",262,3,2026-09-27 20:51:54.936577
648350,"Jurassic World Evolution","Frontier Developments","Frontier Developments",4999,47081,6875,"2,000,000 .. 5,000,000",260,3,2026-09-27 20:51:54.936577
313120,"Stranded Deep","Beam Team Games","Beam Team Publishing",1999,34118,11710,"1,000,000 .. 2,000,000",256,3,2026-09-27 20:51:54.936577
1162520,"Richman10","Softstar Technology (Beijing) Co.,Ltd","SOFTSTAR ENTERTAINMENT",1399,7451,6871,"500,000 .. 1,000,000",255,3,2026-09-27 20:51:54.936577
899440,"GOD EATER 3","BANDAI NAMCO Studios Inc.","BANDAI NAMCO Entertainment",5999,7450,1921,"1,000,000 .. 2,000,000",249,3,2026-09-27 20:51:54.936577
1970580,"Backpack Hero","Jaspel","Pretty Soon, IndieArk",1999,6744,948,"500,000 .. 1,000,000",248,3,2026-09-27 20:51:54.936577
346010,"Besiege","Spiderling Studios","Spiderling Studios",1499,47491,2263,"1,000,000 .. 2,000,000",243,3,2026-09-27 20:51:54.936577
235460,"METAL GEAR RISING: REVENGEANCE","PlatinumGames","KONAMI",2999,79993,3300,"2,000,000 .. 5,000,000",242,3,2026-09-27 20:51:54.936577
1681430,"RoboCop: Rogue City","Teyon","Nacon",3999,20146,2561,"500,000 .. 1,000,000",238,3,2026-09-27 20:51:54.936577
1987080,"Inside the Backrooms","MrFatcat","MrFatcat, Dropsiick",699,36836,8196,"1,000,000 .. 2,000,000",237,3,2026-09-27 20:51:54.936577
2140020,"Stronghold: Definitive Edition","Firefly Studios","Firefly Studios",1499,7470,1211,"500,000 .. 1,000,000",236,3,2026-09-27 20:51:54.936577
751780,"Forager","HopFrog","Balor Games",1999,36751,4130,"1,000,000 .. 2,000,000",235,3,2026-09-27 20:51:54.936577
213610,"Sonic Adventure 2","SEGA","SEGA",999,22711,2761,"1,000,000 .. 2,000,000",234,3,2026-09-27 20:51:54.936577
704270,"Generation Zero","Systemic Reaction™","Avalanche Studios",2499,29053,11451,"1,000,000 .. 2,000,000",234,3,2026-09-27 20:51:54.936577
560130,"Pillars of Eternity II: Deadfire","Obsidian Entertainment","Versus Evil, Obsidian Entertainment, Xbox Game Studios",1999,16666,2265,"1,000,000 .. 2,000,000",233,3,2026-09-27 20:51:54.936577
780310,"The Riftbreaker","EXOR Studios","EXOR Studios, Surefire.Games",2999,16245,1760,"1,000,000 .. 2,000,000",231,3,2026-09-27 20:51:54.936577
321960,"Might & Magic Heroes VII","Limbic Entertainment","Ubisoft",2999,3664,3082,"500,000 .. 1,000,000",227,3,2026-09-27 20:51:54.936577
10150,"Prototype","Radical Entertainment","Activision",1999,9896,2461,"1,000,000 .. 2,000,000",223,3,2026-09-27 20:51:54.936577
329050,"Devil May Cry 4 Special Edition","CAPCOM Co., Ltd.","CAPCOM Co., Ltd. ",2499,16223,2172,"1,000,000 .. 2,000,000",220,3,2026-09-27 20:51:54.936577
1337520,"Risk of Rain Returns","Hopoo Games","Gearbox Publishing, 2K",1499,25087,2736,"1,000,000 .. 2,000,000",220,3,2026-09-27 20:51:54.936577
1088850,"Marvel's Guardians of the Galaxy","Eidos-Montréal","Eidos Interactive Corp.",5999,36857,2301,"500,000 .. 1,000,000",219,3,2026-09-27 20:51:54.936577
719040,"Wasteland 3","inXile Entertainment","inXile Entertainment, Xbox Game Studios",3999,17695,3201,"500,000 .. 1,000,000",219,3,2026-09-27 20:51:54.936577
1338770,"Sniper Ghost Warrior Contracts 2","CI Games","CI Games",3999,10606,1975,"1,000,000 .. 2,000,000",217,3,2026-09-27 20:51:54.936577
232890,"Stronghold Crusader 2","Firefly Studios","Firefly Studios",3999,12328,4754,"1,000,000 .. 2,000,000",217,3,2026-09-27 20:51:54.936577
238320,"Outlast","Red Barrels","Red Barrels",1499,121220,4458,"2,000,000 .. 5,000,000",215,3,2026-09-27 20:51:54.936577
641990,"The Escapists 2","Team17, Mouldy Toof Studios","Team17",1999,28948,3000,"2,000,000 .. 5,000,000",214,3,2026-09-27 20:51:54.936577
113200,"The Binding of Isaac","Edmund McMillen, Florian Himsl","Edmund McMillen",499,57299,3080,"1,000,000 .. 2,000,000",213,3,2026-09-27 20:51:54.936577
960990,"Beyond: Two Souls","Quantic Dream","Quantic Dream",1999,24755,3272,"1,000,000 .. 2,000,000",210,3,2026-09-27 20:51:54.936577
394510,"HELLDIVERS Dive Harder Edition","Arrowhead Game Studios","PlayStation Publishing LLC",1999,28441,3078,"2,000,000 .. 5,000,000",209,3,2026-09-27 20:51:54.936577
611790,"House Party","Eek! Games, LLC","Eek! Games, LLC",2499,12922,2066,"1,000,000 .. 2,000,000",205,3,2026-09-27 20:51:54.936577
1496790,"Gotham Knights","Warner Bros. Games Montréal, QLOC","Warner Bros. Games",5999,15271,7395,"500,000 .. 1,000,000",204,3,2026-09-27 20:51:54.936577
645630,"Car Mechanic Simulator 2018","Red Dot Games","PlayWay S.A.",1999,47065,4456,"2,000,000 .. 5,000,000",202,3,2026-09-27 20:51:54.936577
546560,"Half-Life: Alyx","Valve","Valve",5999,95555,1674,"2,000,000 .. 5,000,000",202,3,2026-09-27 20:51:54.936577
261030,"The Walking Dead: Season Two","Telltale Games","Skybound Games",1499,30526,1113,"1,000,000 .. 2,000,000",199,3,2026-09-27 20:51:54.936577
1088090,"Day of Dragons","Beawesome Games","Beawesome Games",1999,4827,2465,"500,000 .. 1,000,000",198,3,2026-09-27 20:51:54.936577
747660,"Five Nights at Freddy's: Security Breach","Steel Wool Studios","ScottGames",3999,56080,8779,"1,000,000 .. 2,000,000",196,3,2026-09-27 20:51:54.936577
207140,"SpeedRunners","DoubleDutch Games","tinyBuild",1499,34525,2215,"2,000,000 .. 5,000,000",195,3,2026-09-27 20:51:54.936577
874390,"The Battle of Polytopia","Midjiwan AB","Midjiwan AB",1499,4832,316,"500,000 .. 1,000,000",194,3,2026-09-27 20:51:54.936577
238010,"Deus Ex: Human Revolution - Director's Cut","Eidos Montreal","Eidos Interactive Corp.",1999,25909,2216,"2,000,000 .. 5,000,000",193,3,2026-09-27 20:51:54.936577
1089090,"ONE PIECE: PIRATE WARRIORS 4","Koei Tecmo","BANDAI NAMCO Entertainment",3999,18314,1666,"1,000,000 .. 2,000,000",191,3,2026-09-27 20:51:54.936577
10190,"Call of Duty: Modern Warfare 2 (2009)","Infinity Ward","Activision",1999,31945,2927,"5,000,000 .. 10,000,000",190,3,2026-09-27 20:51:54.936577
429050,"Feed and Grow: Fish","Old B1ood","Greens s.r.o.",1499,14733,4239,"500,000 .. 1,000,000",189,3,2026-09-27 20:51:54.936577
1341290,"We Were Here Forever","Total Mayhem Games","Total Mayhem Games",1799,14823,1384,"500,000 .. 1,000,000",183,3,2026-09-27 20:51:54.936577
568220,"Lobotomy Corporation | Monster Management Simulation","ProjectMoon","ProjectMoon",2499,41213,2719,"1,000,000 .. 2,000,000",1524,4,2026-09-27 20:51:54.936577
246620,"Plague Inc: Evolved","Ndemic Creations","Ndemic Creations",1499,52571,3093,"1,000,000 .. 2,000,000",1494,4,2026-09-27 20:51:54.936577
1149460,"ICARUS","RocketWerkz","RocketWerkz",3499,34070,13002,"500,000 .. 1,000,000",1492,4,2026-09-27 20:51:54.936577
573090,"Stormworks: Build and Rescue","Geometa","Geometa",2499,47662,5280,"1,000,000 .. 2,000,000",1488,4,2026-09-27 20:51:54.936577
460930,"Tom Clancy's Ghost Recon Wildlands","Ubisoft Paris, Ubisoft Annecy, Ubisoft Bucharest, Ubisoft Montpellier, Ubisoft Milan, Reflections, Ubisoft Belgrade","Ubisoft",4999,77138,19439,"2,000,000 .. 5,000,000",1441,4,2026-09-27 20:51:54.936577
1325200,"Nioh 2 – The Complete Edition","KOEI TECMO GAMES CO., LTD.","KOEI TECMO GAMES CO., LTD.",4999,39965,5531,"1,000,000 .. 2,000,000",1441,4,2026-09-27 20:51:54.936577
2231380,"Tom Clancy's Ghost Recon Breakpoint","Ubisoft Paris","Ubisoft",5999,23816,8747,"500,000 .. 1,000,000",1430,4,2026-09-27 20:51:54.936577
1217060,"Gunfire Reborn","Gunfire Reborn Studio","Duoyi Games",1999,92655,6517,"2,000,000 .. 5,000,000",1428,4,2026-09-27 20:51:54.936577
325610,"Total War: ATTILA","CREATIVE ASSEMBLY, Feral Interactive","SEGA, Feral Interactive",1999,28785,6287,"2,000,000 .. 5,000,000",1422,4,2026-09-27 20:51:54.936577
1129580,"Medieval Dynasty","Render Cube","Toplitz Productions",3499,40992,4174,"1,000,000 .. 2,000,000",1366,4,2026-09-27 20:51:54.936577
1092790,"Inscryption","Daniel Mullins Games","Devolver Digital",1999,127792,4098,"2,000,000 .. 5,000,000",1301,4,2026-09-27 20:51:54.936577
552520,"Far Cry 5","Ubisoft Montreal, Red Storm, Ubisoft Shanghai, Ubisoft Toronto, Ubisoft Kiev","Ubisoft",5999,140377,33100,"2,000,000 .. 5,000,000",1297,4,2026-09-27 20:51:54.936577
924970,"Back 4 Blood","Turtle Rock Studios","Warner Bros. Games",5999,46833,21608,"1,000,000 .. 2,000,000",1288,4,2026-09-27 20:51:54.936577
1196590,"Resident Evil Village","CAPCOM Co., Ltd.","CAPCOM Co., Ltd.",3999,114131,5219,"2,000,000 .. 5,000,000",1284,4,2026-09-27 20:51:54.936577
2135150,"Elin","Lafrontier","Lafrontier",1999,6163,412,"500,000 .. 1,000,000",1277,4,2026-09-27 20:51:54.936577
47890,"The Sims 3","The Sims Studio, Maxis","Electronic Arts",1999,28544,4366,"2,000,000 .. 5,000,000",1264,4,2026-09-27 20:51:54.936577
297000,"Heroes of Might & Magic III - HD Edition","Dotemu","Ubisoft Entertainment",1499,18085,4694,"1,000,000 .. 2,000,000",1213,4,2026-09-27 20:51:54.936577
286690,"Metro 2033 Redux","4A Games","Deep Silver",1999,101543,9424,"5,000,000 .. 10,000,000",1208,4,2026-09-27 20:51:54.936577
1147560,"Skul: The Hero Slayer","SOUTHPAW GAMES","NEOWIZ",1999,51218,3683,"1,000,000 .. 2,000,000",1205,4,2026-09-27 20:51:54.936577
311690,"Enter the Gungeon","Dodge Roll","Devolver Digital",1499,81669,3893,"2,000,000 .. 5,000,000",1165,4,2026-09-27 20:51:54.936577
2336220,"Feed the Cups","Vambear Games","IndieArk",1599,3922,9286,"500,000 .. 1,000,000",1161,4,2026-09-27 20:51:54.936577
2567870,"Chained Together","Anegar Games, Lab42","Secret Mode",499,48180,4958,"2,000,000 .. 5,000,000",1154,4,2026-09-27 20:51:54.936577
883710,"Resident Evil 2","CAPCOM Co., Ltd.","CAPCOM Co., Ltd.",3999,167647,5210,"5,000,000 .. 10,000,000",1123,4,2026-09-27 20:51:54.936577
1940340,"Darkest Dungeon II","Red Hook Studios","Red Hook Studios",3999,16355,5184,"1,000,000 .. 2,000,000",1054,4,2026-09-27 20:51:54.936577
516750,"My Summer Car","Amistech Games","Amistech Games",1499,86445,4949,"1,000,000 .. 2,000,000",1044,4,2026-09-27 20:51:54.936577
2456740,"inZOI","inZOI Studio","KRAFTON, Inc.",3999,16548,4311,"1,000,000 .. 2,000,000",1039,4,2026-09-27 20:51:54.936577
976310,"Mortal Kombat 11","NetherRealm Studios, QLOC, Shiver","Warner Bros. Games, Warner Bros. Interactive Entertainment",4999,93635,12646,"2,000,000 .. 5,000,000",1026,4,2026-09-27 20:51:54.936577
2420110,"Horizon Forbidden West Complete Edition","Guerrilla, Nixxes Software","PlayStation Publishing LLC",5999,20325,2410,"1,000,000 .. 2,000,000",1005,4,2026-09-27 20:51:54.936577
881020,"Granblue Fantasy: Relink","Cygames, Inc.","Cygames, Inc.",3999,43116,4883,"2,000,000 .. 5,000,000",996,4,2026-09-27 20:51:54.936577
838350,"The Scroll of Taiwu : Beyond The Dome","ConchShip Games","ConchShip Games",2999,42350,18287,"2,000,000 .. 5,000,000",989,4,2026-09-27 20:51:54.936577
552100,"Brick Rigs","Fluppisoft GmbH","Fluppisoft GmbH",1999,47391,2731,"1,000,000 .. 2,000,000",983,4,2026-09-27 20:51:54.936577
431240,"Golf With Your Friends","Blacklight Interactive, Team17","Team17",4999,59105,7975,"2,000,000 .. 5,000,000",979,4,2026-09-27 20:51:54.936577
1371980,"No Rest for the Wicked","Moon Studios GmbH","Moon Studios GmbH",3999,39563,10970,"2,000,000 .. 5,000,000",947,4,2026-09-27 20:51:54.936577
1210320,"Potion Craft: Alchemist Simulator","niceplay games","tinyBuild",1999,34716,2892,"1,000,000 .. 2,000,000",941,4,2026-09-27 20:51:54.936577
632470,"Disco Elysium - The Final Cut","ZA/UM","ZA/UM",3999,104010,7702,"2,000,000 .. 5,000,000",918,4,2026-09-27 20:51:54.936577
362890,"Black Mesa","Crowbar Collective","Crowbar Collective",1999,121562,6131,"2,000,000 .. 5,000,000",907,4,2026-09-27 20:51:54.936577
2552430,"KINGDOM HEARTS -HD 1.5+2.5 ReMIX-","Square Enix","Square Enix",4999,6361,1241,"1,000,000 .. 2,000,000",886,4,2026-09-27 20:51:54.936577
646910,"The Crew 2","Ivory Tower","Ubisoft",2999,72724,21141,"2,000,000 .. 5,000,000",873,4,2026-09-27 20:51:54.936577
1584090,"Touhou Mystia's Izakaya","二色幽紫蝶, Re零同人社","二色幽紫蝶, Re零同人社",599,27672,577,"500,000 .. 1,000,000",852,4,2026-09-27 20:51:54.936577
690830,"Foundation","Polymorph Games","Polymorph Games",3499,17195,2937,"500,000 .. 1,000,000",844,4,2026-09-27 20:51:54.936577
266840,"Age of Mythology: Extended Edition","SkyBox Labs, Ensemble Studios, Forgotten Empires","Xbox Game Studios",2999,32895,2413,"2,000,000 .. 5,000,000",804,4,2026-09-27 20:51:54.936577
2835570,"Buckshot Roulette","Mike Klubnika","CRITICAL REFLEX",299,91745,3796,"2,000,000 .. 5,000,000",793,4,2026-09-27 20:51:54.936577
418370,"Resident Evil 7 Biohazard","CAPCOM Co., Ltd.","CAPCOM Co., Ltd.",1999,93214,4632,"2,000,000 .. 5,000,000",792,4,2026-09-27 20:51:54.936577
359870,"FINAL FANTASY X/X-2 HD Remaster","Square Enix","Square Enix",2999,18031,2016,"1,000,000 .. 2,000,000",776,4,2026-09-27 20:51:54.936577
500,"Left 4 Dead","Valve","Valve",999,59622,2272,"5,000,000 .. 10,000,000",774,4,2026-09-27 20:51:54.936577
2054970,"Dragon's Dogma 2","CAPCOM Co., Ltd.","CAPCOM Co., Ltd.",3999,65154,41785,"2,000,000 .. 5,000,000",768,4,2026-09-27 20:51:54.936577
361280,"Turmoil","Gamious","Gamious",1299,13816,1037,"1,000,000 .. 2,000,000",767,4,2026-09-27 20:51:54.936577
629760,"MORDHAU","Triternion","Triternion",2999,90102,22098,"2,000,000 .. 5,000,000",764,4,2026-09-27 20:51:54.936577
1718570,"ASTLIBRA Revision","KEIZO","WhisperGames",2499,25774,1184,"1,000,000 .. 2,000,000",742,4,2026-09-27 20:51:54.936577
920210,"LEGO Star Wars: The Skywalker Saga","TT Games","Warner Bros. Games, Warner Bros. Interactive Entertainment",4999,40865,4173,"1,000,000 .. 2,000,000",719,4,2026-09-27 20:51:54.936577
244450,"Men of War: Assault Squad 2","Digitalmindsoft","Fulqrum Publishing",2999,40520,3881,"1,000,000 .. 2,000,000",711,4,2026-09-27 20:51:54.936577
972660,"Spiritfarer: Farewell Edition","Thunder Lotus","Thunder Lotus",2999,44192,2225,"1,000,000 .. 2,000,000",702,4,2026-09-27 20:51:54.936577
524220,"NieR:Automata","Square Enix, PlatinumGames Inc.","Square Enix",3999,122027,18142,"2,000,000 .. 5,000,000",690,4,2026-09-27 20:51:54.936577
469600,"Legion TD 2 - Multiplayer Tower Defense","AutoAttack Games","AutoAttack Games",2499,11713,1837,"1,000,000 .. 2,000,000",687,4,2026-09-27 20:51:54.936577
3146520,"WEBFISHING","lamedeveloper","lamedeveloper",499,64473,1337,"1,000,000 .. 2,000,000",686,4,2026-09-27 20:51:54.936577
1449690,"The Walking Dead: The Telltale Definitive Series","Skybound Games","Skybound Games",4999,29969,1072,"500,000 .. 1,000,000",677,4,2026-09-27 20:51:54.936577
631510,"Devil May Cry HD Collection","CAPCOM Co., Ltd.","CAPCOM Co., Ltd.",2999,15904,1214,"1,000,000 .. 2,000,000",675,4,2026-09-27 20:51:54.936577
1435790,"Escape Simulator","Pine Studio","Pine Studio",1999,16281,1027,"1,000,000 .. 2,000,000",674,4,2026-09-27 20:51:54.936577
1127400,"Mindustry","AnukenDev","AnukenDev",999,21329,937,"1,000,000 .. 2,000,000",658,4,2026-09-27 20:51:54.936577
629730,"Blade and Sorcery","WarpFrog","WarpFrog",2999,55566,1919,"1,000,000 .. 2,000,000",657,4,2026-09-27 20:51:54.936577
454650,"DRAGON BALL XENOVERSE 2","QLOC, Dimps Corporation","Bandai Namco Entertainment",1999,47781,5102,"1,000,000 .. 2,000,000",652,4,2026-09-27 20:51:54.936577
870780,"CONTROL Ultimate Edition","Remedy Entertainment","Remedy Entertainment",3999,44045,6403,"1,000,000 .. 2,000,000",648,4,2026-09-27 20:51:54.936577
1272080,"PAYDAY 3","Starbreeze Studios","Starbreeze Entertainment",2999,25497,33195,"2,000,000 .. 5,000,000",644,4,2026-09-27 20:51:54.936577
225540,"Just Cause 3","Avalanche Studios","Square Enix",1999,102532,19629,"5,000,000 .. 10,000,000",639,4,2026-09-27 20:51:54.936577
22320,"The Elder Scrolls III: Morrowind Game of the Year Edition","Bethesda Game Studios","Bethesda Softworks",1499,25172,1212,"1,000,000 .. 2,000,000",635,4,2026-09-27 20:51:54.936577
2527500,"MiSide","AIHASTO","IndieArk, Shochiku (Japan)",1499,108883,2204,"1,000,000 .. 2,000,000",631,4,2026-09-27 20:51:54.936577
690790,"DiRT Rally 2.0","Codemasters","Codemasters, Electronic Arts",1999,39383,5212,"1,000,000 .. 2,000,000",631,4,2026-09-27 20:51:54.936577
2369390,"Far Cry 6","Ubisoft Toronto, Ubisoft Montreal, Ubisoft Kyiv, Ubisoft Shanghai, Ubisoft Berlin","Ubisoft",5999,19411,7737,"500,000 .. 1,000,000",627,4,2026-09-27 20:51:54.936577
1809540,"Nine Sols","RedCandleGames","RedCandleGames",2999,27488,1408,"1,000,000 .. 2,000,000",625,4,2026-09-27 20:51:54.936577
729040,"Borderlands Game of the Year Enhanced","Gearbox Software, Blind Squirrel Games","2K",2999,20262,4221,"1,000,000 .. 2,000,000",620,4,2026-09-27 20:51:54.936577
1846380,"Need for Speed Unbound","Criterion Games","Electronic Arts",6999,29906,19702,"1,000,000 .. 2,000,000",618,4,2026-09-27 20:51:54.936577
207610,"The Walking Dead","Telltale Games","Skybound Games",1499,71633,1995,"2,000,000 .. 5,000,000",614,4,2026-09-27 20:51:54.936577
2212330,"Your Only Move Is HUSTLE","Ivy Sly","Ivy Sly",499,30716,1160,"1,000,000 .. 2,000,000",613,4,2026-09-27 20:51:54.936577
389730,"TEKKEN 7","BANDAI NAMCO Studios Inc.","BANDAI NAMCO Entertainment",3999,77227,15580,"2,000,000 .. 5,000,000",599,4,2026-09-27 20:51:54.936577
475150,"Titan Quest Anniversary Edition","Iron Lore Entertainment, THQ Nordic","THQ Nordic",1999,32295,3226,"2,000,000 .. 5,000,000",599,4,2026-09-27 20:51:54.936577
17390,"SPORE","Maxis™","Electronic Arts",1999,61124,4996,"2,000,000 .. 5,000,000",599,4,2026-09-27 20:51:54.936577
955900,"Amazing Cultivation Simulator","GSQ Games","GSQ Games, Gamirror Games",2499,19720,3289,"500,000 .. 1,000,000",598,4,2026-09-27 20:51:54.936577
640820,"Pathfinder: Kingmaker — Enhanced Plus Edition","Owlcat Games","Knights Peak",1999,26001,7420,"2,000,000 .. 5,000,000",590,4,2026-09-27 20:51:54.936577
750920,"Shadow of the Tomb Raider: Definitive Edition","Eidos-Montréal, Crystal Dynamics, Nixxes, Feral Interactive (Mac), Feral interactive (Linux)","Crystal Dynamics, Feral Interactive (Mac), Feral interactive (Linux)",3999,66684,12759,"2,000,000 .. 5,000,000",582,4,2026-09-27 20:51:54.936577
492720,"Tropico 6","Limbic Entertainment, Realmforge Studios","Kalypso Media",3999,23776,3415,"1,000,000 .. 2,000,000",575,4,2026-09-27 20:51:54.936577
671860,"BattleBit Remastered","SgtOkiDoki, Vilaskis, TheLiquidHorse","SgtOkiDoki",1499,120458,22666,"5,000,000 .. 10,000,000",568,4,2026-09-27 20:51:54.936577
21690,"Resident Evil 5","Capcom","Capcom",1999,42807,6310,"1,000,000 .. 2,000,000",566,4,2026-09-27 20:51:54.936577
1213210,"Command & Conquer Remastered Collection","Petroglyph, Lemon Sky Studios","Electronic Arts",1999,29891,3069,"1,000,000 .. 2,000,000",564,4,2026-09-27 20:51:54.936577
234140,"Mad Max","Avalanche Studios","Warner Bros. Games, Warner Bros. Interactive Entertainment",1999,76230,6430,"2,000,000 .. 5,000,000",563,4,2026-09-27 20:51:54.936577
1017900,"Age of Empires: Definitive Edition","World's Edge, Forgotten Empires, Tantalus","Xbox Game Studios",1999,11700,2240,"500,000 .. 1,000,000",559,4,2026-09-27 20:51:54.936577
203160,"Tomb Raider Game of the Year","Crystal Dynamics, Eidos-Montréal, Feral Interactive (Mac), Nixxes","Crystal Dynamics, Feral Interactive (Mac)",1999,238239,9691,"5,000,000 .. 10,000,000",556,4,2026-09-27 20:51:54.936577
312660,"Sniper Elite 4","Rebellion","Rebellion",5999,53923,5232,"2,000,000 .. 5,000,000",541,4,2026-09-27 20:51:54.936577
1030830,"Mafia II: Definitive Edition","Hangar 13, D3T","2K",2999,21955,8309,"2,000,000 .. 5,000,000",538,4,2026-09-27 20:51:54.936577
1601580,"Frostpunk 2","11 bit studios","11 bit studios",4499,16477,5151,"500,000 .. 1,000,000",525,4,2026-09-27 20:51:54.936577
1657630,"Slime Rancher 2","Monomi Park","Monomi Park",2999,31703,1916,"1,000,000 .. 2,000,000",524,4,2026-09-27 20:51:54.936577
307690,"Sleeping Dogs: Definitive Edition","United Front Games, Feral Interactive (Mac)","Square Enix, Feral Interactive (Mac)",1999,64644,4385,"2,000,000 .. 5,000,000",524,4,2026-09-27 20:51:54.936577
2124490,"SILENT HILL 2","Bloober Team SA","KONAMI",6999,41028,2021,"500,000 .. 1,000,000",514,4,2026-09-27 20:51:54.936577
678950,"DRAGON BALL FighterZ","Arc System Works","Bandai Namco Entertainment",5999,65978,6998,"2,000,000 .. 5,000,000",511,4,2026-09-27 20:51:54.936577
1150690,"OMORI","OMOCAT, LLC","OMOCAT, LLC",1999,78023,2214,"1,000,000 .. 2,000,000",506,4,2026-09-27 20:51:54.936577
2772750,"Age of History 3","Łukasz Jakowski","Łukasz Jakowski Games",999,11105,1607,"500,000 .. 1,000,000",481,4,2026-09-27 20:51:54.936577
2163330,"Yet Another Zombie Survivors","Awesome Games Studio","Awesome Games Studio",1499,10169,1044,"500,000 .. 1,000,000",472,4,2026-09-27 20:51:54.936577
794260,"Outward Definitive Edition","Nine Dots Studio","Prime Matter, Deep Silver",3999,20738,7717,"1,000,000 .. 2,000,000",469,4,2026-09-27 20:51:54.936577
1659420,"UNCHARTED: Legacy of Thieves Collection","Naughty Dog LLC, Iron Galaxy Studios","PlayStation Publishing LLC",4999,26740,2949,"500,000 .. 1,000,000",467,4,2026-09-27 20:51:54.936577
668580,"Atomic Heart","Mundfish","Focus Entertainment, 4Divinity, Mundfish",5999,31167,6828,"1,000,000 .. 2,000,000",466,4,2026-09-27 20:51:54.936577
418460,"Rising Storm 2: Vietnam","Antimatter Games, Tripwire Interactive","Tripwire Interactive",2499,49952,7611,"2,000,000 .. 5,000,000",449,4,2026-09-27 20:51:54.936577
252490,"Rust","Facepunch Studios","Facepunch Studios",3999,1071135,156649,"20,000,000 .. 50,000,000",143870,5,2026-09-27 20:51:54.936577
431960,"Wallpaper Engine","Wallpaper Engine Team","Wallpaper Engine Team",499,876898,17560,"20,000,000 .. 50,000,000",91184,5,2026-09-27 20:51:54.936577
1086940,"Baldur's Gate 3","Larian Studios","Larian Studios",5999,736688,23974,"20,000,000 .. 50,000,000",54771,5,2026-09-27 20:51:54.936577
1366800,"Crosshair X","CenterPoint Gaming","CenterPoint Gaming",999,29275,2077,"2,000,000 .. 5,000,000",41428,5,2026-09-27 20:51:54.936577
3241660,"R.E.P.O.","semiwork","semiwork",999,179154,6488,"10,000,000 .. 20,000,000",32349,5,2026-09-27 20:51:54.936577
394360,"Hearts of Iron IV","Paradox Development Studio","Paradox Interactive",4999,305168,36982,"5,000,000 .. 10,000,000",32112,5,2026-09-27 20:51:54.936577
1245620,"ELDEN RING","FromSoftware, Inc.","FromSoftware, Inc., Bandai Namco Entertainment",5999,981540,75137,"20,000,000 .. 50,000,000",29529,5,2026-09-27 20:51:54.936577
218620,"PAYDAY 2","OVERKILL - a Starbreeze Studio., Sidetrack Games","Starbreeze Entertainment",999,594327,68755,"20,000,000 .. 50,000,000",27254,5,2026-09-27 20:51:54.936577
550,"Left 4 Dead 2","Valve","Valve",999,940221,23762,"50,000,000 .. 100,000,000",25122,5,2026-09-27 20:51:54.936577
108600,"Project Zomboid","The Indie Stone","The Indie Stone",2499,355171,21892,"10,000,000 .. 20,000,000",22864,5,2026-09-27 20:51:54.936577
3164500,"Schedule I","TVGS","TVGS",1999,200803,3238,"10,000,000 .. 20,000,000",22757,5,2026-09-27 20:51:54.936577
39210,"FINAL FANTASY XIV Online","Square Enix","Square Enix",1999,70254,9782,"2,000,000 .. 5,000,000",19824,5,2026-09-27 20:51:54.936577
294100,"RimWorld","Ludeon Studios","Ludeon Studios",3499,206216,4301,"5,000,000 .. 10,000,000",19211,5,2026-09-27 20:51:54.936577
1623730,"Palworld","Pocketpair","Pocketpair",2999,358266,22443,"50,000,000 .. 100,000,000",18028,5,2026-09-27 20:51:54.936577
427520,"Factorio","Wube Software LTD.","Wube Software LTD.",3500,208770,6439,"5,000,000 .. 10,000,000",16426,5,2026-09-27 20:51:54.936577
306130,"The Elder Scrolls Online","ZeniMax Online Studios","Bethesda Softworks",1999,125497,28616,"5,000,000 .. 10,000,000",15987,5,2026-09-27 20:51:54.936577
629520,"Soundpad","Leppsoft","Leppsoft",499,84918,3466,"2,000,000 .. 5,000,000",15279,5,2026-09-27 20:51:54.936577
2358720,"Black Myth: Wukong","Game Science","Game Science",5999,1111720,38378,"50,000,000 .. 100,000,000",15004,5,2026-09-27 20:51:54.936577
892970,"Valheim","Iron Gate AB","Coffee Stain Publishing",2999,471451,28377,"10,000,000 .. 20,000,000",14439,5,2026-09-27 20:51:54.936577
281990,"Stellaris","Paradox Development Studio","Paradox Interactive",4999,159527,25906,"2,000,000 .. 5,000,000",13727,5,2026-09-27 20:51:54.936577
813780,"Age of Empires II: Definitive Edition","World's Edge, Forgotten Empires, CaptureAge, Tantalus Media, Wicked Witch, Feral Interactive","Xbox Game Studios",3499,154061,8401,"2,000,000 .. 5,000,000",13465,5,2026-09-27 20:51:54.936577
2300320,"Farming Simulator 25","GIANTS Software","GIANTS Software",2999,28079,5496,"1,000,000 .. 2,000,000",13431,5,2026-09-27 20:51:54.936577
526870,"Satisfactory","Coffee Stain Studios","Coffee Stain Publishing",3999,225479,6585,"10,000,000 .. 20,000,000",12596,5,2026-09-27 20:51:54.936577
2246340,"Monster Hunter Wilds","CAPCOM Co., Ltd.","CAPCOM Co., Ltd.",3999,127273,91142,"20,000,000 .. 50,000,000",12494,5,2026-09-27 20:51:54.936577
2399830,"ARK: Survival Ascended","Studio Wildcard, Grove Street Games, Instinct Games","Studio Wildcard, Snail Games USA",4499,44880,31115,"2,000,000 .. 5,000,000",12007,5,2026-09-27 20:51:54.936577
582010,"Monster Hunter: World","CAPCOM Co., Ltd.","CAPCOM Co., Ltd.",2999,434239,59151,"10,000,000 .. 20,000,000",11923,5,2026-09-27 20:51:54.936577
377160,"Fallout 4","Bethesda Game Studios","Bethesda Softworks",1999,326054,66233,"10,000,000 .. 20,000,000",11179,5,2026-09-27 20:51:54.936577
1551360,"Forza Horizon 5","Playground Games","Xbox Game Studios",5999,199950,25679,"5,000,000 .. 10,000,000",10009,5,2026-09-27 20:51:54.936577
2221490,"Tom Clancy’s The Division 2","Ubisoft","Ubisoft",2999,17029,5339,"1,000,000 .. 2,000,000",9481,5,2026-09-27 20:51:54.936577
244210,"Assetto Corsa","Kunos Simulazioni","505 Games",1999,140238,11153,"5,000,000 .. 10,000,000",8961,5,2026-09-27 20:51:54.936577
2344520,"Diablo IV","Blizzard Entertainment, Inc.","Blizzard Entertainment, Inc.",4999,32969,17333,"1,000,000 .. 2,000,000",8835,5,2026-09-27 20:51:54.936577
1151340,"Fallout 76","Bethesda Game Studios","Bethesda Softworks",3999,89334,33215,"2,000,000 .. 5,000,000",8796,5,2026-09-27 20:51:54.936577
49520,"Borderlands 2","Gearbox Software, Aspyr (Mac), Aspyr (Linux)","2K, Aspyr (Mac), Aspyr (Linux)",1999,272900,22318,"10,000,000 .. 20,000,000",8551,5,2026-09-27 20:51:54.936577
513710,"SCUM","Gamepires","Gamepires",4499,83704,28411,"5,000,000 .. 10,000,000",8535,5,2026-09-27 20:51:54.936577
632360,"Risk of Rain 2","Hopoo Games","Gearbox Publishing, 2K",2499,293127,20450,"5,000,000 .. 10,000,000",7902,5,2026-09-27 20:51:54.936577
3117820,"Sultan's Game","Double Cross","2P Games",2499,20637,1233,"1,000,000 .. 2,000,000",7726,5,2026-09-27 20:51:54.936577
1771300,"Kingdom Come: Deliverance II","Warhorse Studios","Deep Silver",5999,96279,6058,"2,000,000 .. 5,000,000",7073,5,2026-09-27 20:51:54.936577
270880,"American Truck Simulator","SCS Software","SCS Software",1999,169735,5552,"2,000,000 .. 5,000,000",6742,5,2026-09-27 20:51:54.936577
1238840,"Battlefield 1","DICE","Electronic Arts",3999,166775,26046,"5,000,000 .. 10,000,000",6308,5,2026-09-27 20:51:54.936577
594650,"Hunt: Showdown 1896","Crytek","Crytek",2999,181110,67110,"10,000,000 .. 20,000,000",6300,5,2026-09-27 20:51:54.936577
1966720,"Lethal Company","Zeekerss","Zeekerss",999,473422,13738,"10,000,000 .. 20,000,000",6199,5,2026-09-27 20:51:54.936577
240,"Counter-Strike: Source","Valve","Valve",999,175426,6808,"10,000,000 .. 20,000,000",6187,5,2026-09-27 20:51:54.936577
1172620,"Sea of Thieves: 2026 Edition","Rare Ltd","Xbox Game Studios",3999,317074,38164,"5,000,000 .. 10,000,000",5437,5,2026-09-27 20:51:54.936577
311210,"Call of Duty: Black Ops III","Treyarch, Aspyr (Mac)","Activision, Aspyr (Mac)",5999,181306,33720,"5,000,000 .. 10,000,000",5414,5,2026-09-27 20:51:54.936577
1812620,"DSX","Paliverse","Paliverse",799,3667,1706,"500,000 .. 1,000,000",5121,5,2026-09-27 20:51:54.936577
2195250,"EA SPORTS FC 24","EA Canada, EA Romania","Electronic Arts",6999,63281,46293,"5,000,000 .. 10,000,000",5110,5,2026-09-27 20:51:54.936577
286160,"Tabletop Simulator","Berserk Games","Berserk Games",1999,66735,3925,"2,000,000 .. 5,000,000",5021,5,2026-09-27 20:51:54.936577
239140,"Dying Light","Techland","Techland",2499,435687,21945,"10,000,000 .. 20,000,000",4953,5,2026-09-27 20:51:54.936577
359320,"Elite Dangerous","Frontier Developments","Frontier Developments",1999,77388,22636,"2,000,000 .. 5,000,000",4845,5,2026-09-27 20:51:54.936577
779340,"Total War: THREE KINGDOMS","CREATIVE ASSEMBLY, Feral Interactive (Mac), Feral Interactive (Linux)","SEGA, Feral Interactive (Mac), Feral Interactive (Linux)",3999,74951,28794,"5,000,000 .. 10,000,000",4507,5,2026-09-27 20:51:54.936577
1326470,"Sons Of The Forest","Endnight Games Ltd","Newnight ",2999,222495,31051,"10,000,000 .. 20,000,000",4450,5,2026-09-27 20:51:54.936577
1778820,"TEKKEN 8","Bandai Namco Studios Inc.","Bandai Namco Entertainment",3999,33020,28048,"1,000,000 .. 2,000,000",4409,5,2026-09-27 20:51:54.936577
374320,"DARK SOULS III","FromSoftware, Inc.","FromSoftware, Inc., Bandai Namco Entertainment",5999,390326,23449,"5,000,000 .. 10,000,000",4381,5,2026-09-27 20:51:54.936577
22380,"Fallout: New Vegas","Obsidian Entertainment","Bethesda Softworks",999,218763,8937,"5,000,000 .. 10,000,000",3892,5,2026-09-27 20:51:54.936577
1062090,"Timberborn","Mechanistry","Mechanistry",3499,30266,1412,"1,000,000 .. 2,000,000",3884,5,2026-09-27 20:51:54.936577
1304930,"The Outlast Trials","Red Barrels","Red Barrels",3999,62533,4423,"2,000,000 .. 5,000,000",3743,5,2026-09-27 20:51:54.936577
1716740,"Starfield","Bethesda Game Studios","Bethesda Softworks",4999,93942,71585,"2,000,000 .. 5,000,000",3725,5,2026-09-27 20:51:54.936577
1446780,"MONSTER HUNTER RISE","CAPCOM Co., Ltd.","CAPCOM Co., Ltd.",3999,92564,20108,"5,000,000 .. 10,000,000",3658,5,2026-09-27 20:51:54.936577
655500,"MX Bikes","PiBoSo","PiBoSo",3499,26514,1602,"1,000,000 .. 2,000,000",3605,5,2026-09-27 20:51:54.936577
686810,"Hell Let Loose","Expression Games","Team17",4999,113447,24230,"2,000,000 .. 5,000,000",3380,5,2026-09-27 20:51:54.936577
1250410,"Microsoft Flight Simulator (2020) 40th Anniversary Edition","Asobo Studio","Xbox Game Studios",5999,51794,13872,"2,000,000 .. 5,000,000",3245,5,2026-09-27 20:51:54.936577
1465360,"SnowRunner","Saber Interactive","Focus Entertainment",2999,39488,4393,"1,000,000 .. 2,000,000",3132,5,2026-09-27 20:51:54.936577
268500,"XCOM 2","Firaxis Games, Feral Interactive (Mac), Feral Interactive (Linux)","2K, Feral Interactive (Mac), Feral Interactive (Linux)",1999,86187,15514,"5,000,000 .. 10,000,000",3123,5,2026-09-27 20:51:54.936577
1229490,"ULTRAKILL","Arsi ""Hakita"" Patala","New Blood Interactive",2999,165867,3884,"5,000,000 .. 10,000,000",3122,5,2026-09-27 20:51:54.936577
933110,"Age of Empires III: Definitive Edition","World's Edge, Tantalus Media, Forgotten Empires","Xbox Game Studios",3499,40941,7401,"1,000,000 .. 2,000,000",3016,5,2026-09-27 20:51:54.936577
1794680,"Vampire Survivors","poncle","poncle",499,246479,3855,"5,000,000 .. 10,000,000",2966,5,2026-09-27 20:51:54.936577
2338770,"NBA 2K24","Visual Concepts","2K",5999,13567,29895,"1,000,000 .. 2,000,000",2932,5,2026-09-27 20:51:54.936577
242760,"The Forest","Endnight Games Ltd","Endnight Games Ltd",1999,599805,27986,"20,000,000 .. 50,000,000",2892,5,2026-09-27 20:51:54.936577
644930,"They Are Billions","Numantian Games","Numantian Games",2999,41508,7257,"2,000,000 .. 5,000,000",2751,5,2026-09-27 20:51:54.936577
264710,"Subnautica","Unknown Worlds Entertainment","Unknown Worlds Entertainment",2999,304449,9258,"5,000,000 .. 10,000,000",2719,5,2026-09-27 20:51:54.936577
1366540,"Dyson Sphere Program","Youthcat Studio","Gamirror Games",1999,83095,1993,"2,000,000 .. 5,000,000",2703,5,2026-09-27 20:51:54.936577
305620,"The Long Dark","Hinterland Studio Inc.","Hinterland Studio Inc.",1999,101846,10729,"2,000,000 .. 5,000,000",2575,5,2026-09-27 20:51:54.936577
588650,"Dead Cells","Motion Twin","Motion Twin",2499,163549,4915,"5,000,000 .. 10,000,000",2559,5,2026-09-27 20:51:54.936577
1062520,"Dinkum","James Bendon","KRAFTON, Inc.",1999,22671,1913,"1,000,000 .. 2,000,000",2422,5,2026-09-27 20:51:54.936577
1328670,"Mass Effect Legendary Edition","BioWare","Electronic Arts",5999,51295,5033,"1,000,000 .. 2,000,000",2420,5,2026-09-27 20:51:54.936577
219990,"Grim Dawn","Crate Entertainment","Crate Entertainment",2499,93489,6241,"10,000,000 .. 20,000,000",2376,5,2026-09-27 20:51:54.936577
602960,"Barotrauma","FakeFish, Undertow Games","Daedalic Entertainment",3499,70694,4640,"2,000,000 .. 5,000,000",2371,5,2026-09-27 20:51:54.936577
1774580,"STAR WARS Jedi: Survivor","Respawn","Electronic Arts",6999,46131,20923,"1,000,000 .. 2,000,000",2353,5,2026-09-27 20:51:54.936577
782330,"DOOM Eternal","id Software","Bethesda Softworks",2999,187807,18219,"5,000,000 .. 10,000,000",2262,5,2026-09-27 20:51:54.936577
304390,"FOR HONOR","Ubisoft Montreal, Ubisoft Quebec, Ubisoft Toronto, Blue Byte","Ubisoft",2999,104468,45788,"5,000,000 .. 10,000,000",2146,5,2026-09-27 20:51:54.936577
12210,"Grand Theft Auto IV: The Complete Edition","Rockstar North, Rockstar Toronto","Rockstar Games",1999,144493,30691,"5,000,000 .. 10,000,000",2122,5,2026-09-27 20:51:54.936577
728880,"Overcooked! 2","Ghost Town Games Ltd., Team17","Team17",2499,65992,6809,"2,000,000 .. 5,000,000",2107,5,2026-09-27 20:51:54.936577
1167630,"Teardown","Tuxedo Labs","Tuxedo Labs",2999,104653,4809,"2,000,000 .. 5,000,000",1984,5,2026-09-27 20:51:54.936577
1363080,"Manor Lords","Slavic Magic","Hooded Horse",3999,62224,9896,"2,000,000 .. 5,000,000",1977,5,2026-09-27 20:51:54.936577
620,"Portal 2","Valve","Valve",999,427835,5675,"5,000,000 .. 10,000,000",1959,5,2026-09-27 20:51:54.936577
977950,"A Dance of Fire and Ice","7th Beat Games","7th Beat Games, indienova",599,69052,4419,"2,000,000 .. 5,000,000",1870,5,2026-09-27 20:51:54.936577
1145350,"Hades II","Supergiant Games","Supergiant Games",2999,60844,3288,"2,000,000 .. 5,000,000",1838,5,2026-09-27 20:51:54.936577
581320,"Insurgency: Sandstorm","New World Interactive","Focus Entertainment",2999,107857,19061,"2,000,000 .. 5,000,000",1826,5,2026-09-27 20:51:54.936577
34330,"Total War: SHOGUN 2","CREATIVE ASSEMBLY, Feral Interactive (Mac), Feral Interactive (Linux)","SEGA, Feral Interactive (Mac), Feral Interactive (Linux)",2999,22620,2332,"2,000,000 .. 5,000,000",1807,5,2026-09-27 20:51:54.936577
2427700,"Backpack Battles","PlayWithFurcifer","IndieArk, Shochiku (Japan)",1499,13410,1370,"500,000 .. 1,000,000",1806,5,2026-09-27 20:51:54.936577
669330,"Mechabellum","Game River","Dreamhaven",1499,12973,2105,"1,000,000 .. 2,000,000",1748,5,2026-09-27 20:51:54.936577
323190,"Frostpunk","11 bit studios","11 bit studios",2999,114315,9231,"2,000,000 .. 5,000,000",1699,5,2026-09-27 20:51:54.936577
815370,"Green Hell","Creepy Jar","Creepy Jar",2499,69304,11300,"2,000,000 .. 5,000,000",1656,5,2026-09-27 20:51:54.936577
2142790,"Fields of Mistria","NPC Studio","NPC Studio",1399,19544,414,"500,000 .. 1,000,000",1616,5,2026-09-27 20:51:54.936577
582160,"Assassin's Creed Origins","Ubisoft Montreal","Ubisoft",5999,97301,16195,"1,000,000 .. 2,000,000",1604,5,2026-09-27 20:51:54.936577
1259420,"Days Gone","Bend Studio","PlayStation Publishing LLC",3999,95697,7446,"2,000,000 .. 5,000,000",1600,5,2026-09-27 20:51:54.936577
2322010,"God of War Ragnarök","Santa Monica Studio, Jetpack Interactive","PlayStation Publishing LLC",5999,27127,4261,"1,000,000 .. 2,000,000",1591,5,2026-09-27 20:51:54.936577
1206560,"WorldBox - God Simulator","Maxim Karpenko","Maxim Karpenko",1999,41874,2188,"1,000,000 .. 2,000,000",1589,5,2026-09-27 20:51:54.936577
1282100,"REMNANT II","Gunfire Games","Arc Games, THQ Nordic",4999,50249,10114,"1,000,000 .. 2,000,000",1573,5,2026-09-27 20:51:54.936577
1029690,"Sniper Elite 5","Rebellion","Rebellion",4999,18453,3750,"2,000,000 .. 5,000,000",1538,5,2026-09-27 20:51:54.936577
